TESTCASE;BREACH;STL_BENCH
UNTIL-1000;0.0101247;0.0067563
UNTIL-10000;0.0258194;0.0276133
UNTIL-100000;0.19027;0.186437
UNTIL-1000000;1.88557;1.73838
