TESTCASE;BREACH;STL_BENCH
EVTL_10_100-10000;0.0072838;0.0258132
