TESTCASE;BREACH;STL_BENCH
ALW_2_10-1000;0.0055918;-1
ALW_10_100-10000;0.0072826;-1
